currency,country_or_area,year,index,index_type,index_reference,minimum_year,note
EUR,Euro area,2002,61.638,HICP,2025=100,2002,"Euro-area HICP annual average, all items. EUR user range starts in 2002 because euro banknotes/coins entered circulation then; HICP data exist earlier."
EUR,Euro area,2003,62.945,HICP,2025=100,2002,"Euro-area HICP annual average, all items. EUR user range starts in 2002 because euro banknotes/coins entered circulation then; HICP data exist earlier."
EUR,Euro area,2004,64.317,HICP,2025=100,2002,"Euro-area HICP annual average, all items. EUR user range starts in 2002 because euro banknotes/coins entered circulation then; HICP data exist earlier."
EUR,Euro area,2005,65.730,HICP,2025=100,2002,"Euro-area HICP annual average, all items. EUR user range starts in 2002 because euro banknotes/coins entered circulation then; HICP data exist earlier."
EUR,Euro area,2006,67.185,HICP,2025=100,2002,"Euro-area HICP annual average, all items. EUR user range starts in 2002 because euro banknotes/coins entered circulation then; HICP data exist earlier."
EUR,Euro area,2007,68.642,HICP,2025=100,2002,"Euro-area HICP annual average, all items. EUR user range starts in 2002 because euro banknotes/coins entered circulation then; HICP data exist earlier."
EUR,Euro area,2008,70.948,HICP,2025=100,2002,"Euro-area HICP annual average, all items. EUR user range starts in 2002 because euro banknotes/coins entered circulation then; HICP data exist earlier."
EUR,Euro area,2009,71.179,HICP,2025=100,2002,"Euro-area HICP annual average, all items. EUR user range starts in 2002 because euro banknotes/coins entered circulation then; HICP data exist earlier."
EUR,Euro area,2010,72.326,HICP,2025=100,2002,"Euro-area HICP annual average, all items. EUR user range starts in 2002 because euro banknotes/coins entered circulation then; HICP data exist earlier."
EUR,Euro area,2011,74.294,HICP,2025=100,2002,"Euro-area HICP annual average, all items. EUR user range starts in 2002 because euro banknotes/coins entered circulation then; HICP data exist earlier."
EUR,Euro area,2012,76.154,HICP,2025=100,2002,"Euro-area HICP annual average, all items. EUR user range starts in 2002 because euro banknotes/coins entered circulation then; HICP data exist earlier."
EUR,Euro area,2013,77.184,HICP,2025=100,2002,"Euro-area HICP annual average, all items. EUR user range starts in 2002 because euro banknotes/coins entered circulation then; HICP data exist earlier."
EUR,Euro area,2014,77.514,HICP,2025=100,2002,"Euro-area HICP annual average, all items. EUR user range starts in 2002 because euro banknotes/coins entered circulation then; HICP data exist earlier."
EUR,Euro area,2015,77.661,HICP,2025=100,2002,"Euro-area HICP annual average, all items. EUR user range starts in 2002 because euro banknotes/coins entered circulation then; HICP data exist earlier."
EUR,Euro area,2016,77.838,HICP,2025=100,2002,"Euro-area HICP annual average, all items. EUR user range starts in 2002 because euro banknotes/coins entered circulation then; HICP data exist earlier."
EUR,Euro area,2017,79.037,HICP,2025=100,2002,"Euro-area HICP annual average, all items. EUR user range starts in 2002 because euro banknotes/coins entered circulation then; HICP data exist earlier."
EUR,Euro area,2018,80.422,HICP,2025=100,2002,"Euro-area HICP annual average, all items. EUR user range starts in 2002 because euro banknotes/coins entered circulation then; HICP data exist earlier."
EUR,Euro area,2019,81.382,HICP,2025=100,2002,"Euro-area HICP annual average, all items. EUR user range starts in 2002 because euro banknotes/coins entered circulation then; HICP data exist earlier."
EUR,Euro area,2020,81.585,HICP,2025=100,2002,"Euro-area HICP annual average, all items. EUR user range starts in 2002 because euro banknotes/coins entered circulation then; HICP data exist earlier."
EUR,Euro area,2021,83.696,HICP,2025=100,2002,"Euro-area HICP annual average, all items. EUR user range starts in 2002 because euro banknotes/coins entered circulation then; HICP data exist earlier."
EUR,Euro area,2022,90.728,HICP,2025=100,2002,"Euro-area HICP annual average, all items. EUR user range starts in 2002 because euro banknotes/coins entered circulation then; HICP data exist earlier."
EUR,Euro area,2023,95.652,HICP,2025=100,2002,"Euro-area HICP annual average, all items. EUR user range starts in 2002 because euro banknotes/coins entered circulation then; HICP data exist earlier."
EUR,Euro area,2024,97.915,HICP,2025=100,2002,"Euro-area HICP annual average, all items. EUR user range starts in 2002 because euro banknotes/coins entered circulation then; HICP data exist earlier."
EUR,Euro area,2025,100.000,HICP,2025=100,2002,"Euro-area HICP annual average, all items. EUR user range starts in 2002 because euro banknotes/coins entered circulation then; HICP data exist earlier."
EUR,Euro area,2026,103.240,HICP,2025=100,2002,Latest 2026 monthly value: August 2026. Not an annual average. EUR range starts in 2002 for this calculator because euro cash entered circulation then.
GBP,United Kingdom,1988,49.600,CPI,2015=100,1988,"UK CPI annual average, all items. Official CPI series begins in 1988."
GBP,United Kingdom,1989,52.200,CPI,2015=100,1988,"UK CPI annual average, all items. Official CPI series begins in 1988."
GBP,United Kingdom,1990,55.900,CPI,2015=100,1988,"UK CPI annual average, all items. Official CPI series begins in 1988."
GBP,United Kingdom,1991,60.100,CPI,2015=100,1988,"UK CPI annual average, all items. Official CPI series begins in 1988."
GBP,United Kingdom,1992,62.600,CPI,2015=100,1988,"UK CPI annual average, all items. Official CPI series begins in 1988."
GBP,United Kingdom,1993,64.200,CPI,2015=100,1988,"UK CPI annual average, all items. Official CPI series begins in 1988."
GBP,United Kingdom,1994,65.500,CPI,2015=100,1988,"UK CPI annual average, all items. Official CPI series begins in 1988."
GBP,United Kingdom,1995,67.200,CPI,2015=100,1988,"UK CPI annual average, all items. Official CPI series begins in 1988."
GBP,United Kingdom,1996,68.800,CPI,2015=100,1988,"UK CPI annual average, all items. Official CPI series begins in 1988."
GBP,United Kingdom,1997,70.100,CPI,2015=100,1988,"UK CPI annual average, all items. Official CPI series begins in 1988."
GBP,United Kingdom,1998,71.200,CPI,2015=100,1988,"UK CPI annual average, all items. Official CPI series begins in 1988."
GBP,United Kingdom,1999,72.100,CPI,2015=100,1988,"UK CPI annual average, all items. Official CPI series begins in 1988."
GBP,United Kingdom,2000,72.700,CPI,2015=100,1988,"UK CPI annual average, all items. Official CPI series begins in 1988."
GBP,United Kingdom,2001,73.600,CPI,2015=100,1988,"UK CPI annual average, all items. Official CPI series begins in 1988."
GBP,United Kingdom,2002,74.500,CPI,2015=100,1988,"UK CPI annual average, all items. Official CPI series begins in 1988."
GBP,United Kingdom,2003,75.500,CPI,2015=100,1988,"UK CPI annual average, all items. Official CPI series begins in 1988."
GBP,United Kingdom,2004,76.500,CPI,2015=100,1988,"UK CPI annual average, all items. Official CPI series begins in 1988."
GBP,United Kingdom,2005,78.100,CPI,2015=100,1988,"UK CPI annual average, all items. Official CPI series begins in 1988."
GBP,United Kingdom,2006,79.900,CPI,2015=100,1988,"UK CPI annual average, all items. Official CPI series begins in 1988."
GBP,United Kingdom,2007,81.800,CPI,2015=100,1988,"UK CPI annual average, all items. Official CPI series begins in 1988."
GBP,United Kingdom,2008,84.700,CPI,2015=100,1988,"UK CPI annual average, all items. Official CPI series begins in 1988."
GBP,United Kingdom,2009,86.600,CPI,2015=100,1988,"UK CPI annual average, all items. Official CPI series begins in 1988."
GBP,United Kingdom,2010,89.400,CPI,2015=100,1988,"UK CPI annual average, all items. Official CPI series begins in 1988."
GBP,United Kingdom,2011,93.400,CPI,2015=100,1988,"UK CPI annual average, all items. Official CPI series begins in 1988."
GBP,United Kingdom,2012,96.100,CPI,2015=100,1988,"UK CPI annual average, all items. Official CPI series begins in 1988."
GBP,United Kingdom,2013,98.500,CPI,2015=100,1988,"UK CPI annual average, all items. Official CPI series begins in 1988."
GBP,United Kingdom,2014,100.000,CPI,2015=100,1988,"UK CPI annual average, all items. Official CPI series begins in 1988."
GBP,United Kingdom,2015,100.000,CPI,2015=100,1988,"UK CPI annual average, all items. Official CPI series begins in 1988."
GBP,United Kingdom,2016,100.700,CPI,2015=100,1988,"UK CPI annual average, all items. Official CPI series begins in 1988."
GBP,United Kingdom,2017,103.400,CPI,2015=100,1988,"UK CPI annual average, all items. Official CPI series begins in 1988."
GBP,United Kingdom,2018,105.900,CPI,2015=100,1988,"UK CPI annual average, all items. Official CPI series begins in 1988."
GBP,United Kingdom,2019,107.800,CPI,2015=100,1988,"UK CPI annual average, all items. Official CPI series begins in 1988."
GBP,United Kingdom,2020,108.700,CPI,2015=100,1988,"UK CPI annual average, all items. Official CPI series begins in 1988."
GBP,United Kingdom,2021,111.600,CPI,2015=100,1988,"UK CPI annual average, all items. Official CPI series begins in 1988."
GBP,United Kingdom,2022,121.700,CPI,2015=100,1988,"UK CPI annual average, all items. Official CPI series begins in 1988."
GBP,United Kingdom,2023,130.500,CPI,2015=100,1988,"UK CPI annual average, all items. Official CPI series begins in 1988."
GBP,United Kingdom,2024,133.900,CPI,2015=100,1988,"UK CPI annual average, all items. Official CPI series begins in 1988."
GBP,United Kingdom,2025,138.400,CPI,2015=100,1988,"UK CPI annual average, all items. Official CPI series begins in 1988."
GBP,United Kingdom,2026,143.600,CPI,2015=100,1988,Latest 2026 monthly value: August 2026. Not an annual average.
USD,United States,1913,9.900,CPI-U,1982-84=100,1913,"U.S. CPI-U annual average, all items."
USD,United States,1914,10.000,CPI-U,1982-84=100,1913,"U.S. CPI-U annual average, all items."
USD,United States,1915,10.100,CPI-U,1982-84=100,1913,"U.S. CPI-U annual average, all items."
USD,United States,1916,10.900,CPI-U,1982-84=100,1913,"U.S. CPI-U annual average, all items."
USD,United States,1917,12.800,CPI-U,1982-84=100,1913,"U.S. CPI-U annual average, all items."
USD,United States,1918,15.100,CPI-U,1982-84=100,1913,"U.S. CPI-U annual average, all items."
USD,United States,1919,17.300,CPI-U,1982-84=100,1913,"U.S. CPI-U annual average, all items."
USD,United States,1920,20.000,CPI-U,1982-84=100,1913,"U.S. CPI-U annual average, all items."
USD,United States,1921,17.900,CPI-U,1982-84=100,1913,"U.S. CPI-U annual average, all items."
USD,United States,1922,16.800,CPI-U,1982-84=100,1913,"U.S. CPI-U annual average, all items."
USD,United States,1923,17.100,CPI-U,1982-84=100,1913,"U.S. CPI-U annual average, all items."
USD,United States,1924,17.100,CPI-U,1982-84=100,1913,"U.S. CPI-U annual average, all items."
USD,United States,1925,17.500,CPI-U,1982-84=100,1913,"U.S. CPI-U annual average, all items."
USD,United States,1926,17.700,CPI-U,1982-84=100,1913,"U.S. CPI-U annual average, all items."
USD,United States,1927,17.400,CPI-U,1982-84=100,1913,"U.S. CPI-U annual average, all items."
USD,United States,1928,17.200,CPI-U,1982-84=100,1913,"U.S. CPI-U annual average, all items."
USD,United States,1929,17.200,CPI-U,1982-84=100,1913,"U.S. CPI-U annual average, all items."
USD,United States,1930,16.700,CPI-U,1982-84=100,1913,"U.S. CPI-U annual average, all items."
USD,United States,1931,15.200,CPI-U,1982-84=100,1913,"U.S. CPI-U annual average, all items."
USD,United States,1932,13.600,CPI-U,1982-84=100,1913,"U.S. CPI-U annual average, all items."
USD,United States,1933,12.900,CPI-U,1982-84=100,1913,"U.S. CPI-U annual average, all items."
USD,United States,1934,13.400,CPI-U,1982-84=100,1913,"U.S. CPI-U annual average, all items."
USD,United States,1935,13.700,CPI-U,1982-84=100,1913,"U.S. CPI-U annual average, all items."
USD,United States,1936,13.900,CPI-U,1982-84=100,1913,"U.S. CPI-U annual average, all items."
USD,United States,1937,14.400,CPI-U,1982-84=100,1913,"U.S. CPI-U annual average, all items."
USD,United States,1938,14.100,CPI-U,1982-84=100,1913,"U.S. CPI-U annual average, all items."
USD,United States,1939,13.900,CPI-U,1982-84=100,1913,"U.S. CPI-U annual average, all items."
USD,United States,1940,14.000,CPI-U,1982-84=100,1913,"U.S. CPI-U annual average, all items."
USD,United States,1941,14.700,CPI-U,1982-84=100,1913,"U.S. CPI-U annual average, all items."
USD,United States,1942,16.300,CPI-U,1982-84=100,1913,"U.S. CPI-U annual average, all items."
USD,United States,1943,17.300,CPI-U,1982-84=100,1913,"U.S. CPI-U annual average, all items."
USD,United States,1944,17.600,CPI-U,1982-84=100,1913,"U.S. CPI-U annual average, all items."
USD,United States,1945,18.000,CPI-U,1982-84=100,1913,"U.S. CPI-U annual average, all items."
USD,United States,1946,19.500,CPI-U,1982-84=100,1913,"U.S. CPI-U annual average, all items."
USD,United States,1947,22.300,CPI-U,1982-84=100,1913,"U.S. CPI-U annual average, all items."
USD,United States,1948,24.000,CPI-U,1982-84=100,1913,"U.S. CPI-U annual average, all items."
USD,United States,1949,23.800,CPI-U,1982-84=100,1913,"U.S. CPI-U annual average, all items."
USD,United States,1950,24.100,CPI-U,1982-84=100,1913,"U.S. CPI-U annual average, all items."
USD,United States,1951,26.000,CPI-U,1982-84=100,1913,"U.S. CPI-U annual average, all items."
USD,United States,1952,26.600,CPI-U,1982-84=100,1913,"U.S. CPI-U annual average, all items."
USD,United States,1953,26.800,CPI-U,1982-84=100,1913,"U.S. CPI-U annual average, all items."
USD,United States,1954,26.900,CPI-U,1982-84=100,1913,"U.S. CPI-U annual average, all items."
USD,United States,1955,26.800,CPI-U,1982-84=100,1913,"U.S. CPI-U annual average, all items."
USD,United States,1956,27.200,CPI-U,1982-84=100,1913,"U.S. CPI-U annual average, all items."
USD,United States,1957,28.100,CPI-U,1982-84=100,1913,"U.S. CPI-U annual average, all items."
USD,United States,1958,28.900,CPI-U,1982-84=100,1913,"U.S. CPI-U annual average, all items."
USD,United States,1959,29.200,CPI-U,1982-84=100,1913,"U.S. CPI-U annual average, all items."
USD,United States,1960,29.600,CPI-U,1982-84=100,1913,"U.S. CPI-U annual average, all items."
USD,United States,1961,29.900,CPI-U,1982-84=100,1913,"U.S. CPI-U annual average, all items."
USD,United States,1962,30.300,CPI-U,1982-84=100,1913,"U.S. CPI-U annual average, all items."
USD,United States,1963,30.600,CPI-U,1982-84=100,1913,"U.S. CPI-U annual average, all items."
USD,United States,1964,31.000,CPI-U,1982-84=100,1913,"U.S. CPI-U annual average, all items."
USD,United States,1965,31.500,CPI-U,1982-84=100,1913,"U.S. CPI-U annual average, all items."
USD,United States,1966,32.500,CPI-U,1982-84=100,1913,"U.S. CPI-U annual average, all items."
USD,United States,1967,33.400,CPI-U,1982-84=100,1913,"U.S. CPI-U annual average, all items."
USD,United States,1968,34.800,CPI-U,1982-84=100,1913,"U.S. CPI-U annual average, all items."
USD,United States,1969,36.700,CPI-U,1982-84=100,1913,"U.S. CPI-U annual average, all items."
USD,United States,1970,38.800,CPI-U,1982-84=100,1913,"U.S. CPI-U annual average, all items."
USD,United States,1971,40.500,CPI-U,1982-84=100,1913,"U.S. CPI-U annual average, all items."
USD,United States,1972,41.800,CPI-U,1982-84=100,1913,"U.S. CPI-U annual average, all items."
USD,United States,1973,44.400,CPI-U,1982-84=100,1913,"U.S. CPI-U annual average, all items."
USD,United States,1974,49.300,CPI-U,1982-84=100,1913,"U.S. CPI-U annual average, all items."
USD,United States,1975,53.800,CPI-U,1982-84=100,1913,"U.S. CPI-U annual average, all items."
USD,United States,1976,56.900,CPI-U,1982-84=100,1913,"U.S. CPI-U annual average, all items."
USD,United States,1977,60.600,CPI-U,1982-84=100,1913,"U.S. CPI-U annual average, all items."
USD,United States,1978,65.200,CPI-U,1982-84=100,1913,"U.S. CPI-U annual average, all items."
USD,United States,1979,72.600,CPI-U,1982-84=100,1913,"U.S. CPI-U annual average, all items."
USD,United States,1980,82.400,CPI-U,1982-84=100,1913,"U.S. CPI-U annual average, all items."
USD,United States,1981,90.900,CPI-U,1982-84=100,1913,"U.S. CPI-U annual average, all items."
USD,United States,1982,96.500,CPI-U,1982-84=100,1913,"U.S. CPI-U annual average, all items."
USD,United States,1983,99.600,CPI-U,1982-84=100,1913,"U.S. CPI-U annual average, all items."
USD,United States,1984,103.900,CPI-U,1982-84=100,1913,"U.S. CPI-U annual average, all items."
USD,United States,1985,107.600,CPI-U,1982-84=100,1913,"U.S. CPI-U annual average, all items."
USD,United States,1986,109.600,CPI-U,1982-84=100,1913,"U.S. CPI-U annual average, all items."
USD,United States,1987,113.600,CPI-U,1982-84=100,1913,"U.S. CPI-U annual average, all items."
USD,United States,1988,118.300,CPI-U,1982-84=100,1913,"U.S. CPI-U annual average, all items."
USD,United States,1989,124.000,CPI-U,1982-84=100,1913,"U.S. CPI-U annual average, all items."
USD,United States,1990,130.700,CPI-U,1982-84=100,1913,"U.S. CPI-U annual average, all items."
USD,United States,1991,136.200,CPI-U,1982-84=100,1913,"U.S. CPI-U annual average, all items."
USD,United States,1992,140.300,CPI-U,1982-84=100,1913,"U.S. CPI-U annual average, all items."
USD,United States,1993,144.500,CPI-U,1982-84=100,1913,"U.S. CPI-U annual average, all items."
USD,United States,1994,148.200,CPI-U,1982-84=100,1913,"U.S. CPI-U annual average, all items."
USD,United States,1995,152.400,CPI-U,1982-84=100,1913,"U.S. CPI-U annual average, all items."
USD,United States,1996,156.900,CPI-U,1982-84=100,1913,"U.S. CPI-U annual average, all items."
USD,United States,1997,160.500,CPI-U,1982-84=100,1913,"U.S. CPI-U annual average, all items."
USD,United States,1998,163.000,CPI-U,1982-84=100,1913,"U.S. CPI-U annual average, all items."
USD,United States,1999,166.600,CPI-U,1982-84=100,1913,"U.S. CPI-U annual average, all items."
USD,United States,2000,172.200,CPI-U,1982-84=100,1913,"U.S. CPI-U annual average, all items."
USD,United States,2001,177.100,CPI-U,1982-84=100,1913,"U.S. CPI-U annual average, all items."
USD,United States,2002,179.900,CPI-U,1982-84=100,1913,"U.S. CPI-U annual average, all items."
USD,United States,2003,184.000,CPI-U,1982-84=100,1913,"U.S. CPI-U annual average, all items."
USD,United States,2004,188.900,CPI-U,1982-84=100,1913,"U.S. CPI-U annual average, all items."
USD,United States,2005,195.300,CPI-U,1982-84=100,1913,"U.S. CPI-U annual average, all items."
USD,United States,2006,201.600,CPI-U,1982-84=100,1913,"U.S. CPI-U annual average, all items."
USD,United States,2007,207.300,CPI-U,1982-84=100,1913,"U.S. CPI-U annual average, all items."
USD,United States,2008,215.300,CPI-U,1982-84=100,1913,"U.S. CPI-U annual average, all items."
USD,United States,2009,214.500,CPI-U,1982-84=100,1913,"U.S. CPI-U annual average, all items."
USD,United States,2010,218.100,CPI-U,1982-84=100,1913,"U.S. CPI-U annual average, all items."
USD,United States,2011,224.900,CPI-U,1982-84=100,1913,"U.S. CPI-U annual average, all items."
USD,United States,2012,229.600,CPI-U,1982-84=100,1913,"U.S. CPI-U annual average, all items."
USD,United States,2013,232.957,CPI-U,1982-84=100,1913,"U.S. CPI-U annual average, all items."
USD,United States,2014,236.736,CPI-U,1982-84=100,1913,"U.S. CPI-U annual average, all items."
USD,United States,2015,237.017,CPI-U,1982-84=100,1913,"U.S. CPI-U annual average, all items."
USD,United States,2016,240.007,CPI-U,1982-84=100,1913,"U.S. CPI-U annual average, all items."
USD,United States,2017,245.120,CPI-U,1982-84=100,1913,"U.S. CPI-U annual average, all items."
USD,United States,2018,251.107,CPI-U,1982-84=100,1913,"U.S. CPI-U annual average, all items."
USD,United States,2019,255.657,CPI-U,1982-84=100,1913,"U.S. CPI-U annual average, all items."
USD,United States,2020,258.811,CPI-U,1982-84=100,1913,"U.S. CPI-U annual average, all items."
USD,United States,2021,270.970,CPI-U,1982-84=100,1913,"U.S. CPI-U annual average, all items."
USD,United States,2022,292.655,CPI-U,1982-84=100,1913,"U.S. CPI-U annual average, all items."
USD,United States,2023,304.702,CPI-U,1982-84=100,1913,"U.S. CPI-U annual average, all items."
USD,United States,2024,313.689,CPI-U,1982-84=100,1913,"U.S. CPI-U annual average, all items."
USD,United States,2025,321.943,CPI-U,1982-84=100,1913,"U.S. CPI-U annual average, all items."
USD,United States,2026,334.980,CPI-U,1982-84=100,1913,Latest 2026 monthly value: August 2026. Not an annual average.
